,0
0,__class__
1,__delattr__
2,__dict__
3,__doc__
4,__format__
5,__getattribute__
6,__hash__
7,__init__
8,__module__
9,__new__
10,__reduce__
11,__reduce_ex__
12,__repr__
13,__setattr__
14,__sizeof__
15,__str__
16,__subclasshook__
17,__weakref__
18,_copy
19,_path
20,api
21,cached_schema
22,data
23,fact_id
24,factual_id
25,filters
26,geo
27,get_response
28,get_url
29,include_count
30,included_rows
31,limit
32,merge_params
33,method
34,offset
35,page
36,params
37,path
38,response
39,schema
40,search
41,select
42,sort
43,sort_asc
44,sort_desc
45,threshold
46,total_row_count
47,user
